Date,Message
2026-07-20T11:00:00.000-04:00,"WCLOG,2026-07-20,CTX_P=0,CTX_B=18,RET=0,R15=0,R1=0,SRC=n/a,GEO_L=0,GEO_R=0,GEO_V=0,GEO_S=0,GEO_A=0,TOUCH=0,FV=0,PART=0,OF=18,AGG_B=0,AGG_S=0,ABS_SA=0,ABS_BA=0,ABS_P=0,DOM_B=0,DOM_S=0,SET_L=0,SET_S=0"
2026-07-21T11:00:00.000-04:00,"WCLOG,2026-07-21,CTX_P=0,CTX_B=18,RET=0,R15=0,R1=0,SRC=n/a,GEO_L=0,GEO_R=0,GEO_V=0,GEO_S=0,GEO_A=0,TOUCH=0,FV=0,PART=13,OF=18,AGG_B=2,AGG_S=3,ABS_SA=0,ABS_BA=0,ABS_P=0,DOM_B=0,DOM_S=0,SET_L=0,SET_S=0"
2026-07-22T11:00:00.000-04:00,"WCLOG,2026-07-22,CTX_P=18,CTX_B=0,RET=0,R15=1,R1=0,SRC=15M_REARM,GEO_L=18,GEO_R=18,GEO_V=18,GEO_S=18,GEO_A=18,TOUCH=0,FV=18,PART=14,OF=18,AGG_B=3,AGG_S=4,ABS_SA=0,ABS_BA=0,ABS_P=0,DOM_B=0,DOM_S=0,SET_L=0,SET_S=0"
2026-07-23T11:00:00.000-04:00,"WCLOG,2026-07-23,CTX_P=0,CTX_B=18,RET=0,R15=0,R1=0,SRC=n/a,GEO_L=0,GEO_R=0,GEO_V=0,GEO_S=0,GEO_A=0,TOUCH=0,FV=0,PART=18,OF=18,AGG_B=2,AGG_S=6,ABS_SA=0,ABS_BA=0,ABS_P=0,DOM_B=0,DOM_S=0,SET_L=0,SET_S=0"
2026-07-24T11:00:00.000-04:00,"WCLOG,2026-07-24,CTX_P=0,CTX_B=18,RET=0,R15=0,R1=0,SRC=n/a,GEO_L=0,GEO_R=0,GEO_V=0,GEO_S=0,GEO_A=0,TOUCH=0,FV=0,PART=18,OF=18,AGG_B=3,AGG_S=4,ABS_SA=0,ABS_BA=0,ABS_P=0,DOM_B=0,DOM_S=0,SET_L=0,SET_S=0"
2026-07-27T11:00:00.000-04:00,"WCLOG,2026-07-27,CTX_P=18,CTX_B=0,RET=0,R15=1,R1=0,SRC=15M_REARM,GEO_L=15,GEO_R=15,GEO_V=7,GEO_S=15,GEO_A=7,TOUCH=0,FV=7,PART=18,OF=18,AGG_B=3,AGG_S=4,ABS_SA=0,ABS_BA=1,ABS_P=0,DOM_B=0,DOM_S=0,SET_L=0,SET_S=0"
2026-07-28T11:00:00.000-04:00,"WCLOG,2026-07-28,CTX_P=0,CTX_B=18,RET=0,R15=0,R1=0,SRC=n/a,GEO_L=0,GEO_R=0,GEO_V=0,GEO_S=0,GEO_A=0,TOUCH=0,FV=0,PART=17,OF=18,AGG_B=3,AGG_S=3,ABS_SA=0,ABS_BA=0,ABS_P=0,DOM_B=0,DOM_S=0,SET_L=0,SET_S=0"
2026-07-29T11:00:00.000-04:00,"WCLOG,2026-07-29,CTX_P=0,CTX_B=18,RET=0,R15=0,R1=0,SRC=n/a,GEO_L=0,GEO_R=0,GEO_V=0,GEO_S=0,GEO_A=0,TOUCH=0,FV=0,PART=18,OF=18,AGG_B=0,AGG_S=5,ABS_SA=0,ABS_BA=0,ABS_P=0,DOM_B=0,DOM_S=0,SET_L=0,SET_S=0"
2026-07-30T11:00:00.000-04:00,"WCLOG,2026-07-30,CTX_P=0,CTX_B=18,RET=0,R15=0,R1=0,SRC=n/a,GEO_L=0,GEO_R=0,GEO_V=0,GEO_S=0,GEO_A=0,TOUCH=0,FV=0,PART=16,OF=18,AGG_B=4,AGG_S=2,ABS_SA=0,ABS_BA=0,ABS_P=0,DOM_B=0,DOM_S=0,SET_L=0,SET_S=0"
2026-07-31T11:00:00.000-04:00,"WCLOG,2026-07-31,CTX_P=0,CTX_B=18,RET=0,R15=0,R1=0,SRC=n/a,GEO_L=0,GEO_R=0,GEO_V=0,GEO_S=0,GEO_A=0,TOUCH=0,FV=0,PART=18,OF=18,AGG_B=2,AGG_S=3,ABS_SA=0,ABS_BA=0,ABS_P=0,DOM_B=0,DOM_S=0,SET_L=0,SET_S=0"
2026-08-03T11:00:00.000-04:00,"WCLOG,2026-08-03,CTX_P=0,CTX_B=18,RET=0,R15=0,R1=0,SRC=n/a,GEO_L=0,GEO_R=0,GEO_V=0,GEO_S=0,GEO_A=0,TOUCH=0,FV=0,PART=10,OF=18,AGG_B=3,AGG_S=1,ABS_SA=0,ABS_BA=0,ABS_P=1,DOM_B=0,DOM_S=0,SET_L=0,SET_S=0"
2026-08-04T11:00:00.000-04:00,"WCLOG,2026-08-04,CTX_P=0,CTX_B=18,RET=0,R15=0,R1=0,SRC=n/a,GEO_L=0,GEO_R=0,GEO_V=0,GEO_S=0,GEO_A=0,TOUCH=0,FV=0,PART=10,OF=18,AGG_B=2,AGG_S=0,ABS_SA=0,ABS_BA=0,ABS_P=0,DOM_B=0,DOM_S=0,SET_L=0,SET_S=0"
2026-08-05T11:00:00.000-04:00,"WCLOG,2026-08-05,CTX_P=18,CTX_B=0,RET=1,R15=0,R1=0,SRC=1H→15M_DEV,GEO_L=12,GEO_R=12,GEO_V=0,GEO_S=12,GEO_A=0,TOUCH=3,FV=0,PART=18,OF=18,AGG_B=1,AGG_S=3,ABS_SA=1,ABS_BA=0,ABS_P=0,DOM_B=0,DOM_S=0,SET_L=0,SET_S=0"
2026-08-06T11:00:00.000-04:00,"WCLOG,2026-08-06,CTX_P=18,CTX_B=0,RET=0,R15=1,R1=0,SRC=15M_REARM,GEO_L=9,GEO_R=9,GEO_V=9,GEO_S=9,GEO_A=9,TOUCH=0,FV=9,PART=17,OF=18,AGG_B=7,AGG_S=3,ABS_SA=0,ABS_BA=0,ABS_P=2,DOM_B=0,DOM_S=0,SET_L=0,SET_S=0"
2026-08-07T11:00:00.000-04:00,"WCLOG,2026-08-07,CTX_P=0,CTX_B=18,RET=0,R15=0,R1=0,SRC=n/a,GEO_L=0,GEO_R=0,GEO_V=0,GEO_S=0,GEO_A=0,TOUCH=0,FV=0,PART=17,OF=18,AGG_B=4,AGG_S=2,ABS_SA=0,ABS_BA=0,ABS_P=0,DOM_B=0,DOM_S=0,SET_L=0,SET_S=0"
2026-08-10T11:00:00.000-04:00,"WCLOG,2026-08-10,CTX_P=18,CTX_B=0,RET=1,R15=1,R1=0,SRC=15M_REARM,GEO_L=1,GEO_R=1,GEO_V=0,GEO_S=1,GEO_A=0,TOUCH=1,FV=0,PART=6,OF=18,AGG_B=3,AGG_S=0,ABS_SA=0,ABS_BA=0,ABS_P=0,DOM_B=0,DOM_S=0,SET_L=0,SET_S=0"
2026-08-11T11:00:00.000-04:00,"WCLOG,2026-08-11,CTX_P=12,CTX_B=6,RET=1,R15=0,R1=0,SRC=1H→15M_DEV,GEO_L=1,GEO_R=1,GEO_V=0,GEO_S=1,GEO_A=0,TOUCH=1,FV=0,PART=7,OF=18,AGG_B=1,AGG_S=2,ABS_SA=0,ABS_BA=0,ABS_P=0,DOM_B=0,DOM_S=0,SET_L=0,SET_S=0"
2026-08-12T11:00:00.000-04:00,"WCLOG,2026-08-12,CTX_P=18,CTX_B=0,RET=0,R15=1,R1=0,SRC=15M_REARM,GEO_L=9,GEO_R=9,GEO_V=9,GEO_S=9,GEO_A=9,TOUCH=0,FV=9,PART=16,OF=18,AGG_B=3,AGG_S=5,ABS_SA=0,ABS_BA=0,ABS_P=2,DOM_B=0,DOM_S=0,SET_L=0,SET_S=0"
2026-08-13T11:00:00.000-04:00,"WCLOG,2026-08-13,CTX_P=0,CTX_B=18,RET=0,R15=0,R1=0,SRC=n/a,GEO_L=0,GEO_R=0,GEO_V=0,GEO_S=0,GEO_A=0,TOUCH=0,FV=0,PART=11,OF=18,AGG_B=2,AGG_S=1,ABS_SA=0,ABS_BA=0,ABS_P=0,DOM_B=0,DOM_S=0,SET_L=0,SET_S=0"
2026-08-14T11:00:00.000-04:00,"WCLOG,2026-08-14,CTX_P=0,CTX_B=18,RET=0,R15=0,R1=0,SRC=n/a,GEO_L=0,GEO_R=0,GEO_V=0,GEO_S=0,GEO_A=0,TOUCH=0,FV=0,PART=15,OF=18,AGG_B=3,AGG_S=3,ABS_SA=0,ABS_BA=0,ABS_P=1,DOM_B=0,DOM_S=0,SET_L=0,SET_S=0"
